id,title,content,emoji,category,slug,public,session_id,created_at,ai_generated
07636f5e-c51c-419f-81a1-7f08996fb1ec,polymarket millionaires,test,ğŸ“ˆ,today,polymarket-millionaires,true,,2025-12-20 16:33:58.812363+00,false
523071f1-c574-4cd9-9895-2e1684ba0c35,ebooks,"**eBooks exclusively on midasmill.com**

![Surebet Secrets: How to Make Risk-Free Profits with Sports Arbitrage, Bonus Arbs & Betting Middles](https://qdnafrgyabmbpryurxcr.supabase.co/storage/v1/object/public/note-images/surebet-secrets.jpeg?w=300)
+ $28.88 - Surebet Secrets: How to Make Risk-Free Profits with Sports Arbitrage, Bonus Arbs & Betting Middles

![Faceless YouTube Empire: How to Build Profitable Anonymous Channels Using AI, Automation, and Predictable Viral Content - Even If You Never Show Your Face](https://qdnafrgyabmbpryurxcr.supabase.co/storage/v1/object/public/note-images/faceless-youtube-empire.jpeg?w=300)
+ $28.88 - Faceless YouTube Empire: How to Build Profitable Anonymous Channels Using AI, Automation, and Predictable Viral Content - Even If You Never Show Your Face

![The Complete Indoor Cannabis Growerâ€™s Guide: A Comprehensive Handbook on Indoor Cultivation, Plant Science, Equipment, Costs, and Modern Cannabis Environments](https://qdnafrgyabmbpryurxcr.supabase.co/storage/v1/object/public/note-images/indoor-cannabis-grower-guide.jpeg?w=300)
+ $28.88 - The Complete Indoor Cannabis Growerâ€™s Guide: A Comprehensive Handbook on Indoor Cultivation, Plant Science, Equipment, Costs, and Modern Cannabis Environments

![Crypto Crime Files: Inside the Biggest Scams, Hacks, and Manhunts in Blockchain History - How Investigators Exposed the Truth](https://qdnafrgyabmbpryurxcr.supabase.co/storage/v1/object/public/note-images/crypto-crime-files.jpeg?w=300)
+ $28.88 - Crypto Crime Files: Inside the Biggest Scams, Hacks, and Manhunts in Blockchain History - How Investigators Exposed the Truth

![AI Prompting for Everyday Productivity: A Practical Guide to Writing Clear Prompts for Writing, Research, Planning, and Creative Thinking](https://qdnafrgyabmbpryurxcr.supabase.co/storage/v1/object/public/note-images/ai-prompting.jpeg?w=300)
+ $28.88 - AI Prompting for Everyday Productivity: A Practical Guide to Writing Clear Prompts for Writing, Research, Planning, and Creative Thinking

[**+ eBooks exclusively on Amazon KDP**](https://www.amazon.com/s?i=digital-text&rh=p_27%3AMidas%2BMill)

![Prediction Markets Millionaires: A Step-by-Step Beginnerâ€™s Guide to Prediction Markets on Polymarket, Kalshi, and Manifold - Strategies, Case Studies, and Proven Methods for Smarter Forecasting](https://qdnafrgyabmbpryurxcr.supabase.co/storage/v1/object/public/note-images/prediction.png?w=300)
+ $8.88 - [Prediction Markets Millionaires](https://www.amazon.com/dp/B0G5J35ZG3)
A Step-by-Step Beginnerâ€™s Guide to Prediction Markets on Polymarket, Kalshi, and Manifold - Strategies, Case Studies, and Proven Methods for Smarter Forecasting

![How to Day Trade for a Living in 2025: A Beginnerâ€™s Guide to Making $100-$1,000/Day with Momentum, Breakouts & Scalping](https://qdnafrgyabmbpryurxcr.supabase.co/storage/v1/object/public/note-images/day-trade.jpeg?w=300)
+ $8.88 - [How to Day Trade for a Living in 2025](https://www.amazon.com/dp/B0G5LRQ55V)
A Beginnerâ€™s Guide to Making $100-$1,000/Day with Momentum, Breakouts & Scalping

![The 2025 Forbidden Money Playbook: Eight High-ROI Systems Still Working Right Now](https://qdnafrgyabmbpryurxcr.supabase.co/storage/v1/object/public/note-images/forbidden-money.jpeg?w=300)
+ $8.88 - [The 2025 Forbidden Money Playbook](https://www.amazon.com/dp/B0G5PM2GXK)
Eight High-ROI Systems Still Working Right Now]

![Print Money With AI: 88 Work-From-Home Methods Anyone Can Start Today - No Coding, No Skills, No Experience Needed](https://qdnafrgyabmbpryurxcr.supabase.co/storage/v1/object/public/note-images/print-money-ai.jpeg?w=300)
+ $8.88 - [Print Money With AI](https://www.amazon.com/dp/B0G5PDD8NB)
88 Work-From-Home Methods Anyone Can Start Today - No Coding, No Skills, No Experience Needed

![The 2027 Digital Dollar Reset: The Coming CBDCs Will Transform Banking, Privacy, and Personal Freedom - and What You Must Do Now to Stay in Control](https://qdnafrgyabmbpryurxcr.supabase.co/storage/v1/object/public/note-images/digital-dollar-asset.jpeg?w=300)
+ $8.88 - [The 2027 Digital Dollar Reset](https://www.amazon.com/dp/B0G5JH6SDW)
The Coming CBDCs Will Transform Banking, Privacy, and Personal Freedom - and What You Must Do Now to Stay in Control

![Crypto Tax Secrets 2025: How Smart Investors Reduce Taxes, Protect Profits, and Legally Build Tax-Free Crypto Wealth](https://qdnafrgyabmbpryurxcr.supabase.co/storage/v1/object/public/note-images/crypto-tax.jpeg?w=300)
+ $8.88 - [Crypto Tax Secrets 2025](https://www.amazon.com/dp/B0G61NCP64)
How Smart Investors Reduce Taxes, Protect Profits, and Legally Build Tax-Free Crypto Wealth

![Tax Loopholes 2025: Hidden Tax Breaks the Wealthy Used for Decades - What Got Patched, What Still Exists, and How to Legally Optimize Your Taxes](https://qdnafrgyabmbpryurxcr.supabase.co/storage/v1/object/public/note-images/tax-loopholes.jpeg?w=300)
+ $8.88 - [Tax Loopholes 2025](https://www.amazon.com/dp/B0G5XH8TKG)
Hidden Tax Breaks the Wealthy Used for Decades - What Got Patched, What Still Exists, and How to Legally Optimize Your Taxes

![Vibe Coding with AI: How to Think, Create, and Build Faster than Ever in the Age of Intelligent Machines](https://qdnafrgyabmbpryurxcr.supabase.co/storage/v1/object/public/note-images/vibe-coding-with-ai.png?w=300)
+ $8.88 [Vibe Coding with AI](https://www.amazon.com/dp/B0G5QP8YX7)
How to Think, Create, and Build Faster than Ever in the Age of Intelligent Machines]

![Vibe Coding Projects: 101 Things You Can Build with AI - Step-by-Step Tutorials, Real Projects, Automations, Business Ideas, and Portfolio Builders](https://qdnafrgyabmbpryurxcr.supabase.co/storage/v1/object/public/note-images/vibe-coding-projects.png?w=300)
+ $8.88 - [Vibe Coding Projects](https://www.amazon.com/dp/B0G5HX2H9N)
101 Things You Can Build with AI - Step-by-Step Tutorials, Real Projects, Automations, Business Ideas, and Portfolio Builders

![Vibe Coding for Business & Entrepreneurship: How to Use AI to Launch, Automate & Scale Your Business - Freelancing, Micro-SaaS, Content Creation, Automation, Marketing & Monetization for 2025 and Beyond](https://qdnafrgyabmbpryurxcr.supabase.co/storage/v1/object/public/note-images/vibe-coding-business.png?w=300)
+ $8.88 - [Vibe Coding for Business & Entrepreneurship](https://www.amazon.com/dp/B0G5KN2KMG)
How to Use AI to Launch, Automate & Scale Your Business - Freelancing, Micro-SaaS, Content Creation, Automation, Marketing & Monetization for 2025 and Beyond",ğŸ“š,today,ebooks,true,,2025-12-18 10:32:54.259466+00,false
6e3ec0dc-3ab5-4dd8-b573-d4f5552f88d4,disclaimer & about/contact,"The content on midasmill.com is provided for informational and educational purposes only and does not constitute financial, investment, legal, or professional advice.

Any references to investing, trading, cryptocurrencies, or business strategies are not recommendations. You are responsible for your own decisions and should conduct independent research or consult a qualified professional.

Midas Mill makes no guarantees regarding outcomes and is not liable for any losses or damages arising from the use of this website.

â€”â€”â€”â€”â€”

Midas Mill is a collective of builders and technologists focused on the practical application of AI, crypto, automation, and no-code systems.

We specialize in translating complex and rapidly evolving tools into clear, structured frameworks intended for learning and experimentation. Our work emphasizes execution, testing, and systems thinking over theory.
Midas Mill operates with discretion and does not promote individual identities. The content shared reflects general principles and examples derived from internal research and applied use.

Our audience includes builders, creators, and entrepreneurs seeking to understand and navigate an increasingly technology-driven economy.

ğŸ“¬ [hello@midasmill.com](emailto:hello@midasmill.com)",â„¹ï¸,older,disclaimer-contact,true,,2025-12-18 10:36:04.693887+00,false
c90c5a44-d003-4d7b-ae21-f9d901be5ab6,favorite quotes,"> ""I think it is possible for ordinary people to choose to be extraordinary.â€ - Elon Musk

> ""Work like hell. I mean you just have to put in 80 to 100 hour weeks every week. [This] improves the odds of success. If other people are putting in 40 hour work weeks and youâ€™re putting in 100 hour work weeks, then even if youâ€™re doing the same thing you know that you will achieve in 4 months what it takes them a year to achieve.â€ - Elon Musk

> ""When something is important enough, you do it even if the odds are not in your favor.â€ - Elon Musk

> ""Your work is going to fill a large part of your life, and the only way to be truly satisfied is to do what you believe is great work. And the only way to do great work is to love what you do."" - Steve Jobs

> ""I'm convinced that about half of what separates successful entrepreneurs from the non-successful ones is pure perseverance.â€ - Steve Jobs

> ""Here's to the crazy ones. The misfits. The rebels. The troublemakers. The round pegs in the square holes. The ones who see things differently... Because the people who are crazy enough to think they can change the world, are the ones who do.â€ - Steve Jobs",ğŸ’¬,yesterday,fav-quotes,true,,2025-12-18 10:48:01.487484+00,true
eaf81f6b-7845-41ac-8625-5e7cd35950e9,dudu loves bubu,"dudu pizza ğŸ• loves bubu boba ğŸ§‹ forever
01.11.25",â¤ï¸,pinned,iloveyou111,true,,2025-01-11 15:11:11+00,false
